"","thresh","video","frame","x","y","w","h","class","fog","overlap"
"2130",0.4,"videoplayback_001_1.webm",1,100,154,26,29,"doNotPass",0,FALSE
"2131",0.4,"videoplayback_001_1.webm",2,72,149,37,31,"stop",0,FALSE
"2132",0.4,"videoplayback_001_1.webm",3,56,148,32,29,"doNotPass",0,FALSE
"2133",0.4,"videoplayback_001_1.webm",4,43,142,25,27,"keepRight",0,FALSE
"2134",0.4,"videoplayback_001_1.webm",18,355,163,19,21,"signalAhead",0,FALSE
"2135",0.4,"videoplayback_001_1.webm",19,356,163,19,21,"signalAhead",0,FALSE
"2136",0.4,"videoplayback_001_1.webm",20,359,163,20,21,"speedLimitUrdbl",0,FALSE
"2137",0.4,"videoplayback_001_1.webm",21,363,163,19,20,"signalAhead",0,FALSE
"2138",0.4,"videoplayback_001_1.webm",24,360,164,16,18,"signalAhead",0,FALSE
"2139",0.4,"videoplayback_001_1.webm",31,362,162,15,18,"signalAhead",0,FALSE
"2140",0.4,"videoplayback_001_1.webm",32,363,162,15,19,"signalAhead",0,FALSE
"2141",0.4,"videoplayback_001_1.webm",46,374,156,19,17,"addedLane",0,FALSE
"2142",0.4,"videoplayback_001_1.webm",47,375,156,17,17,"school",0,FALSE
"2143",0.4,"videoplayback_001_1.webm",48,378,157,17,16,"school",0,FALSE
"2144",0.4,"videoplayback_001_1.webm",49,377,155,17,18,"school",0,FALSE
"2145",0.4,"videoplayback_001_1.webm",49,618,148,14,15,"pedestrianCrossing",0,TRUE
"2146",0.4,"videoplayback_001_1.webm",50,378,154,20,20,"school",0,FALSE
"2147",0.4,"videoplayback_001_1.webm",50,635,152,18,17,"schoolSpeedLimit25",0,TRUE
"2148",0.4,"videoplayback_001_1.webm",51,378,155,20,20,"signalAhead",0,FALSE
"2149",0.4,"videoplayback_001_1.webm",51,651,145,30,24,"schoolSpeedLimit25",0,TRUE
"2150",0.4,"videoplayback_001_1.webm",52,379,155,19,20,"signalAhead",0,FALSE
"2151",0.4,"videoplayback_001_1.webm",53,381,154,19,22,"signalAhead",0,FALSE
"2152",0.4,"videoplayback_001_1.webm",54,382,152,18,24,"signalAhead",0,FALSE
"2153",0.4,"videoplayback_001_1.webm",55,384,152,17,23,"signalAhead",0,FALSE
"2154",0.4,"videoplayback_001_1.webm",56,385,152,18,23,"signalAhead",0,FALSE
"2155",0.4,"videoplayback_001_1.webm",57,386,151,18,22,"signalAhead",0,FALSE
"2156",0.4,"videoplayback_001_1.webm",58,386,151,18,21,"signalAhead",0,FALSE
"2157",0.4,"videoplayback_001_1.webm",59,388,150,19,23,"school",0,FALSE
"2158",0.4,"videoplayback_001_1.webm",63,412,142,21,27,"signalAhead",0,FALSE
"2159",0.4,"videoplayback_001_1.webm",64,411,141,21,29,"signalAhead",0,FALSE
"2160",0.4,"videoplayback_001_1.webm",65,414,140,21,28,"signalAhead",0,FALSE
"2161",0.4,"videoplayback_001_1.webm",66,413,141,21,28,"merge",0,FALSE
"2162",0.4,"videoplayback_001_1.webm",67,413,143,20,27,"signalAhead",0,FALSE
"2163",0.4,"videoplayback_001_1.webm",68,413,142,21,29,"rampSpeedAdvisory50",0,FALSE
"2164",0.4,"videoplayback_001_1.webm",69,418,140,18,28,"merge",0,FALSE
"2165",0.4,"videoplayback_001_1.webm",70,417,140,19,26,"rampSpeedAdvisory50",0,FALSE
"2166",0.4,"videoplayback_001_1.webm",71,417,138,21,27,"rampSpeedAdvisory50",0,FALSE
"2167",0.4,"videoplayback_001_1.webm",72,419,138,20,27,"rampSpeedAdvisory50",0,FALSE
"2168",0.4,"videoplayback_001_1.webm",73,420,136,23,29,"rampSpeedAdvisory50",0,FALSE
"2169",0.4,"videoplayback_001_1.webm",74,426,136,21,28,"rampSpeedAdvisory50",0,FALSE
"2170",0.4,"videoplayback_001_1.webm",75,430,135,22,29,"rampSpeedAdvisory50",0,FALSE
"2171",0.4,"videoplayback_001_1.webm",76,434,135,22,30,"rampSpeedAdvisory50",0,FALSE
"2172",0.4,"videoplayback_001_1.webm",77,436,134,21,29,"rampSpeedAdvisory50",0,FALSE
"2173",0.4,"videoplayback_001_1.webm",78,440,133,21,29,"rampSpeedAdvisory50",0,FALSE
"2174",0.4,"videoplayback_001_1.webm",79,443,131,23,31,"rampSpeedAdvisory50",0,FALSE
"2175",0.4,"videoplayback_001_1.webm",80,447,130,21,30,"rampSpeedAdvisory50",0,FALSE
"2176",0.4,"videoplayback_001_1.webm",123,195,157,18,23,"merge",0,FALSE
"2177",0.4,"videoplayback_001_1.webm",124,192,155,18,25,"merge",0,FALSE
"2178",0.4,"videoplayback_001_1.webm",125,187,154,20,25,"merge",0,FALSE
"2179",0.4,"videoplayback_001_1.webm",126,184,153,20,25,"merge",0,FALSE
"2180",0.4,"videoplayback_001_1.webm",127,180,151,21,27,"merge",0,FALSE
"2181",0.4,"videoplayback_001_1.webm",128,179,152,21,25,"merge",0,FALSE
"2182",0.4,"videoplayback_001_1.webm",129,174,151,20,27,"merge",0,FALSE
"2183",0.4,"videoplayback_001_1.webm",130,171,150,22,27,"merge",0,FALSE
"2184",0.4,"videoplayback_001_1.webm",131,168,150,23,26,"merge",0,FALSE
"2185",0.4,"videoplayback_001_1.webm",132,162,149,25,27,"addedLane",0,FALSE
"2186",0.4,"videoplayback_001_1.webm",133,159,148,22,28,"merge",0,FALSE
"2187",0.4,"videoplayback_001_1.webm",134,156,149,21,25,"pedestrianCrossing",0,FALSE
"2188",0.4,"videoplayback_001_1.webm",135,151,149,20,26,"pedestrianCrossing",0,FALSE
"2189",0.4,"videoplayback_001_1.webm",136,144,148,23,27,"pedestrianCrossing",0,FALSE
"2190",0.4,"videoplayback_001_1.webm",137,137,148,22,25,"addedLane",0,FALSE
"2191",0.4,"videoplayback_001_1.webm",138,132,147,21,25,"addedLane",0,FALSE
"2192",0.4,"videoplayback_001_1.webm",139,123,144,24,28,"addedLane",0,FALSE
"2193",0.4,"videoplayback_001_1.webm",140,117,140,27,32,"addedLane",0,FALSE
"2194",0.4,"videoplayback_001_1.webm",141,108,137,27,34,"addedLane",0,FALSE
"2195",0.4,"videoplayback_001_1.webm",142,100,132,29,40,"addedLane",0,FALSE
"2196",0.4,"videoplayback_001_1.webm",143,91,129,29,42,"addedLane",0,FALSE
"2197",0.4,"videoplayback_001_1.webm",144,84,126,39,41,"merge",0,FALSE
"2198",0.4,"videoplayback_001_1.webm",145,71,125,34,38,"addedLane",0,FALSE
"2199",0.4,"videoplayback_001_1.webm",146,58,119,46,44,"addedLane",0,FALSE
"2200",0.4,"videoplayback_001_1.webm",148,31,111,63,59,"addedLane",0,FALSE
"2201",0.4,"videoplayback_001_1.webm",149,16,106,59,64,"addedLane",0,FALSE
"2202",0.4,"videoplayback_001_1.webm",150,8,98,56,70,"pedestrianCrossing",0,FALSE
"2203",0.4,"videoplayback_001_1.webm",151,3,94,42,73,"signalAhead",0,FALSE
"2204",0.4,"videoplayback_001_1.webm",152,4,96,27,66,"signalAhead",0,FALSE
"2205",0.4,"videoplayback_001_2.webm",8,483,182,12,15,"schoolSpeedLimit25",0,FALSE
"2206",0.4,"videoplayback_001_2.webm",11,500,180,12,17,"schoolSpeedLimit25",0,FALSE
"2207",0.4,"videoplayback_001_2.webm",12,517,171,15,21,"stopAhead",0,FALSE
"2208",0.4,"videoplayback_001_2.webm",13,250,186,12,17,"pedestrianCrossing",0,FALSE
"2209",0.4,"videoplayback_001_2.webm",13,526,172,14,19,"schoolSpeedLimit25",0,TRUE
"2210",0.4,"videoplayback_001_2.webm",14,250,186,14,17,"school",0,FALSE
"2211",0.4,"videoplayback_001_2.webm",15,248,187,17,18,"merge",0,FALSE
"2212",0.4,"videoplayback_001_2.webm",16,242,184,22,22,"turnLeft",0,FALSE
"2213",0.4,"videoplayback_001_2.webm",16,565,157,22,27,"pedestrianCrossing",0,TRUE
"2214",0.4,"videoplayback_001_2.webm",17,242,183,20,21,"turnRight",0,FALSE
"2215",0.4,"videoplayback_001_2.webm",17,576,160,22,25,"signalAhead",0,TRUE
"2216",0.4,"videoplayback_001_2.webm",18,241,180,19,25,"signalAhead",0,FALSE
"2217",0.4,"videoplayback_001_2.webm",19,238,177,22,29,"signalAhead",0,FALSE
"2218",0.4,"videoplayback_001_2.webm",19,607,153,29,34,"rampSpeedAdvisory50",0,TRUE
"2219",0.4,"videoplayback_001_2.webm",20,235,176,21,30,"signalAhead",0,FALSE
"2220",0.4,"videoplayback_001_2.webm",20,630,146,35,47,"rampSpeedAdvisory50",0,TRUE
"2221",0.4,"videoplayback_001_2.webm",21,232,176,26,29,"signalAhead",0,FALSE
"2222",0.4,"videoplayback_001_2.webm",21,651,140,43,48,"signalAhead",0,TRUE
"2223",0.4,"videoplayback_001_2.webm",22,227,174,29,29,"signalAhead",0,FALSE
"2224",0.4,"videoplayback_001_2.webm",22,676,140,27,46,"rampSpeedAdvisory50",0,TRUE
"2225",0.4,"videoplayback_001_2.webm",23,228,174,24,30,"signalAhead",0,FALSE
"2226",0.4,"videoplayback_001_2.webm",24,227,172,23,33,"signalAhead",0,FALSE
"2227",0.4,"videoplayback_001_2.webm",25,225,173,24,32,"signalAhead",0,FALSE
"2228",0.4,"videoplayback_001_2.webm",26,222,171,25,34,"signalAhead",0,FALSE
"2229",0.4,"videoplayback_001_2.webm",27,222,169,24,34,"signalAhead",0,FALSE
"2230",0.4,"videoplayback_001_2.webm",28,219,169,28,33,"signalAhead",0,FALSE
"2231",0.4,"videoplayback_001_2.webm",29,215,168,32,32,"pedestrianCrossing",0,FALSE
"2232",0.4,"videoplayback_001_2.webm",30,213,165,31,38,"signalAhead",0,FALSE
"2233",0.4,"videoplayback_001_2.webm",31,209,166,32,34,"signalAhead",0,FALSE
"2234",0.4,"videoplayback_001_2.webm",32,207,167,31,32,"signalAhead",0,FALSE
"2235",0.4,"videoplayback_001_2.webm",33,204,164,31,34,"signalAhead",0,FALSE
"2236",0.4,"videoplayback_001_2.webm",34,201,161,33,37,"pedestrianCrossing",0,FALSE
"2237",0.4,"videoplayback_001_2.webm",35,197,160,35,35,"pedestrianCrossing",0,FALSE
"2238",0.4,"videoplayback_001_2.webm",36,193,158,35,36,"pedestrianCrossing",0,FALSE
"2239",0.4,"videoplayback_001_2.webm",37,191,157,36,37,"pedestrianCrossing",0,FALSE
"2240",0.4,"videoplayback_001_2.webm",38,188,154,38,39,"pedestrianCrossing",0,FALSE
"2241",0.4,"videoplayback_001_2.webm",39,184,153,38,39,"pedestrianCrossing",0,FALSE
"2242",0.4,"videoplayback_001_2.webm",40,183,153,37,35,"pedestrianCrossing",0,FALSE
"2243",0.4,"videoplayback_001_2.webm",41,178,152,37,34,"pedestrianCrossing",0,FALSE
"2244",0.4,"videoplayback_001_2.webm",42,171,151,38,33,"pedestrianCrossing",0,FALSE
"2245",0.4,"videoplayback_001_2.webm",43,164,147,40,37,"pedestrianCrossing",0,FALSE
"2246",0.4,"videoplayback_001_2.webm",44,155,146,48,38,"pedestrianCrossing",0,FALSE
"2247",0.4,"videoplayback_001_2.webm",45,148,146,42,36,"pedestrianCrossing",0,FALSE
"2248",0.4,"videoplayback_001_2.webm",46,139,143,48,39,"pedestrianCrossing",0,FALSE
"2249",0.4,"videoplayback_001_2.webm",47,131,142,49,39,"pedestrianCrossing",0,FALSE
"2250",0.4,"videoplayback_001_2.webm",48,121,135,48,42,"pedestrianCrossing",0,FALSE
"2251",0.4,"videoplayback_001_2.webm",49,113,129,50,46,"pedestrianCrossing",0,FALSE
"2252",0.4,"videoplayback_001_2.webm",50,94,121,66,58,"pedestrianCrossing",0,FALSE
"2253",0.4,"videoplayback_001_2.webm",51,77,112,74,67,"pedestrianCrossing",0,FALSE
"2254",0.4,"videoplayback_001_2.webm",52,62,104,84,74,"pedestrianCrossing",0,FALSE
"2255",0.4,"videoplayback_001_2.webm",53,45,98,76,74,"pedestrianCrossing",0,FALSE
"2256",0.4,"videoplayback_001_2.webm",54,22,89,82,77,"pedestrianCrossing",0,FALSE
"2257",0.4,"videoplayback_001_2.webm",55,1,78,81,87,"pedestrianCrossing",0,FALSE
"2258",0.4,"videoplayback_001_2.webm",56,0,72,50,84,"pedestrianCrossing",0,FALSE
"2259",0.4,"videoplayback_002_1.webm",3,164,181,41,46,"turnRight",0,FALSE
"2260",0.4,"videoplayback_002_1.webm",4,160,178,40,46,"turnRight",0,FALSE
"2261",0.4,"videoplayback_002_1.webm",5,150,173,40,45,"turnRight",0,FALSE
"2262",0.4,"videoplayback_002_1.webm",6,143,167,41,46,"turnRight",0,FALSE
"2263",0.4,"videoplayback_002_1.webm",7,134,160,44,50,"turnRight",0,FALSE
"2264",0.4,"videoplayback_002_1.webm",8,118,150,52,55,"turnRight",0,FALSE
"2265",0.4,"videoplayback_002_1.webm",9,103,140,56,58,"turnRight",0,FALSE
"2266",0.4,"videoplayback_002_1.webm",10,86,128,62,64,"turnRight",0,FALSE
"2267",0.4,"videoplayback_002_1.webm",11,50,104,88,89,"turnRight",0,FALSE
"2268",0.4,"videoplayback_002_1.webm",12,10,78,108,107,"turnRight",0,FALSE
"2269",0.4,"videoplayback_002_1.webm",13,-4,51,101,119,"turnRight",0,FALSE
"2270",0.4,"videoplayback_002_1.webm",14,253,244,20,25,"addedLane",0,FALSE
"2271",0.4,"videoplayback_002_1.webm",15,253,244,23,25,"merge",0,FALSE
"2272",0.4,"videoplayback_002_1.webm",16,255,245,20,23,"merge",0,FALSE
"2273",0.4,"videoplayback_002_1.webm",17,256,244,20,25,"merge",0,FALSE
"2274",0.4,"videoplayback_002_1.webm",18,256,243,19,25,"merge",0,FALSE
"2275",0.4,"videoplayback_002_1.webm",19,256,242,18,26,"merge",0,FALSE
"2276",0.4,"videoplayback_002_1.webm",20,255,242,19,25,"merge",0,FALSE
"2277",0.4,"videoplayback_002_1.webm",21,254,241,22,28,"merge",0,FALSE
"2278",0.4,"videoplayback_002_1.webm",21,552,291,19,20,"pedestrianCrossing",0,TRUE
"2279",0.4,"videoplayback_002_1.webm",22,253,239,24,31,"merge",0,FALSE
"2280",0.4,"videoplayback_002_1.webm",22,572,293,21,23,"pedestrianCrossing",0,TRUE
"2281",0.4,"videoplayback_002_1.webm",23,254,239,22,31,"merge",0,FALSE
"2282",0.4,"videoplayback_002_1.webm",24,253,239,22,28,"merge",0,FALSE
"2283",0.4,"videoplayback_002_1.webm",25,250,240,17,25,"slow",0,TRUE
"2284",0.4,"videoplayback_002_1.webm",25,252,239,25,29,"merge",0,TRUE
"2285",0.4,"videoplayback_002_1.webm",26,249,240,18,24,"slow",0,TRUE
"2286",0.4,"videoplayback_002_1.webm",26,251,239,27,28,"merge",0,TRUE
"2287",0.4,"videoplayback_002_1.webm",27,248,238,31,29,"merge",0,FALSE
"2288",0.4,"videoplayback_002_1.webm",28,246,237,27,29,"addedLane",0,FALSE
"2289",0.4,"videoplayback_002_1.webm",29,247,236,26,29,"merge",0,FALSE
"2290",0.4,"videoplayback_002_1.webm",30,245,236,27,30,"dip",0,FALSE
"2291",0.4,"videoplayback_002_1.webm",31,244,235,29,29,"addedLane",0,FALSE
"2292",0.4,"videoplayback_002_1.webm",32,244,233,28,31,"merge",0,FALSE
"2293",0.4,"videoplayback_002_1.webm",33,242,232,29,31,"addedLane",0,FALSE
"2294",0.4,"videoplayback_002_1.webm",34,239,232,33,30,"addedLane",0,FALSE
"2295",0.4,"videoplayback_002_1.webm",35,239,230,32,32,"signalAhead",0,FALSE
"2296",0.4,"videoplayback_002_1.webm",36,237,229,33,32,"addedLane",0,FALSE
"2297",0.4,"videoplayback_002_1.webm",37,236,229,34,32,"addedLane",0,FALSE
"2298",0.4,"videoplayback_002_1.webm",38,237,229,31,32,"merge",0,FALSE
"2299",0.4,"videoplayback_002_1.webm",39,237,229,32,31,"merge",0,FALSE
"2300",0.4,"videoplayback_002_1.webm",40,238,229,31,31,"merge",0,FALSE
"2301",0.4,"videoplayback_002_1.webm",41,238,228,31,30,"merge",0,FALSE
"2302",0.4,"videoplayback_002_1.webm",42,239,228,29,29,"merge",0,FALSE
"2303",0.4,"videoplayback_002_1.webm",43,239,228,30,30,"merge",0,FALSE
"2304",0.4,"videoplayback_002_1.webm",44,238,228,30,29,"merge",0,FALSE
"2305",0.4,"videoplayback_002_1.webm",45,238,227,29,30,"merge",0,FALSE
"2306",0.4,"videoplayback_002_1.webm",46,238,227,28,28,"signalAhead",0,FALSE
"2307",0.4,"videoplayback_002_1.webm",47,235,228,29,26,"merge",0,FALSE
"2308",0.4,"videoplayback_002_1.webm",48,233,226,29,27,"merge",0,FALSE
"2309",0.4,"videoplayback_002_1.webm",49,226,225,23,26,"rampSpeedAdvisory45",0,FALSE
"2310",0.4,"videoplayback_002_1.webm",50,225,225,21,25,"rampSpeedAdvisory45",0,TRUE
"2311",0.4,"videoplayback_002_1.webm",50,230,223,27,28,"merge",0,TRUE
"2312",0.4,"videoplayback_002_1.webm",59,180,198,28,42,"pedestrianCrossing",0,FALSE
"2313",0.4,"videoplayback_002_1.webm",61,165,180,39,49,"turnRight",0,FALSE
"2314",0.4,"videoplayback_002_1.webm",62,161,177,40,50,"turnRight",0,FALSE
"2315",0.4,"videoplayback_002_1.webm",63,152,175,39,49,"turnRight",0,FALSE
"2316",0.4,"videoplayback_002_1.webm",64,146,170,39,51,"turnRight",0,FALSE
"2317",0.4,"videoplayback_002_1.webm",65,137,166,41,49,"turnRight",0,FALSE
"2318",0.4,"videoplayback_002_1.webm",66,118,161,49,56,"pedestrianCrossing",0,FALSE
"2319",0.4,"videoplayback_002_1.webm",66,261,237,20,25,"signalAhead",0,TRUE
"2320",0.4,"videoplayback_002_1.webm",67,106,155,53,61,"pedestrianCrossing",0,FALSE
"2321",0.4,"videoplayback_002_1.webm",67,260,234,19,26,"signalAhead",0,TRUE
"2322",0.4,"videoplayback_002_1.webm",68,85,133,73,86,"pedestrianCrossing",0,FALSE
"2323",0.4,"videoplayback_002_1.webm",68,258,232,21,27,"signalAhead",0,TRUE
"2324",0.4,"videoplayback_002_1.webm",69,67,125,79,92,"pedestrianCrossing",0,FALSE
"2325",0.4,"videoplayback_002_1.webm",69,256,229,21,29,"signalAhead",0,TRUE
"2326",0.4,"videoplayback_002_1.webm",70,47,116,84,98,"slow",0,FALSE
"2327",0.4,"videoplayback_002_1.webm",70,252,227,23,35,"turnLeft",0,TRUE
"2328",0.4,"videoplayback_002_1.webm",71,249,227,26,37,"stopAhead",0,FALSE
"2329",0.4,"videoplayback_002_1.webm",72,-2,59,108,127,"signalAhead",0,FALSE
"2330",0.4,"videoplayback_002_1.webm",72,245,228,29,34,"turnRight",0,TRUE
"2331",0.4,"videoplayback_002_1.webm",73,241,226,29,32,"turnRight",0,FALSE
"2332",0.4,"videoplayback_002_1.webm",74,238,223,31,36,"turnRight",0,FALSE
"2333",0.4,"videoplayback_002_1.webm",75,235,219,33,38,"turnRight",0,FALSE
"2334",0.4,"videoplayback_002_1.webm",76,230,218,38,38,"turnRight",0,FALSE
"2335",0.4,"videoplayback_002_1.webm",77,229,214,37,43,"turnRight",0,FALSE
"2336",0.4,"videoplayback_002_1.webm",78,226,212,38,45,"turnLeft",0,FALSE
"2337",0.4,"videoplayback_002_1.webm",79,224,210,38,45,"turnLeft",0,FALSE
"2338",0.4,"videoplayback_002_1.webm",80,222,209,32,42,"turnRight",0,FALSE
"2339",0.4,"videoplayback_002_1.webm",81,220,207,31,43,"turnRight",0,FALSE
"2340",0.4,"videoplayback_002_1.webm",82,216,202,32,44,"pedestrianCrossing",0,FALSE
"2341",0.4,"videoplayback_002_1.webm",83,207,199,35,45,"turnRight",0,FALSE
"2342",0.4,"videoplayback_002_1.webm",84,204,196,34,44,"turnRight",0,FALSE
"2343",0.4,"videoplayback_002_1.webm",85,199,192,36,47,"turnRight",0,FALSE
"2344",0.4,"videoplayback_002_1.webm",86,193,185,39,52,"turnRight",0,FALSE
"2345",0.4,"videoplayback_002_1.webm",88,169,174,46,54,"turnRight",0,FALSE
"2346",0.4,"videoplayback_002_2.webm",31,252,204,20,32,"stop",0,FALSE
"2347",0.4,"videoplayback_002_2.webm",32,243,204,23,33,"rightLaneMustTurn",0,FALSE
"2348",0.4,"videoplayback_002_2.webm",33,234,198,25,36,"rightLaneMustTurn",0,FALSE
"2349",0.4,"videoplayback_002_2.webm",34,226,191,28,39,"rightLaneMustTurn",0,FALSE
"2350",0.4,"videoplayback_002_2.webm",35,218,187,31,39,"stop",0,FALSE
"2351",0.4,"videoplayback_002_2.webm",36,208,181,29,42,"stop",0,FALSE
"2352",0.4,"videoplayback_002_2.webm",37,198,174,33,44,"stop",0,FALSE
"2353",0.4,"videoplayback_002_2.webm",38,184,166,37,48,"stop",0,FALSE
"2354",0.4,"videoplayback_002_2.webm",39,169,158,33,45,"stop",0,FALSE
"2355",0.4,"videoplayback_002_2.webm",40,154,148,34,50,"noRightTurn",0,FALSE
"2356",0.4,"videoplayback_002_2.webm",41,135,133,39,57,"rightLaneMustTurn",0,FALSE
"2357",0.4,"videoplayback_002_2.webm",42,110,117,43,61,"stop",0,FALSE
"2358",0.4,"videoplayback_002_2.webm",43,73,101,55,59,"stop",0,FALSE
"2359",0.4,"videoplayback_002_2.webm",44,42,78,48,62,"noLeftTurn",0,TRUE
"2360",0.4,"videoplayback_002_2.webm",44,31,64,71,93,"stop",0,TRUE
"2361",0.4,"videoplayback_002_2.webm",70,326,249,17,26,"signalAhead",0,FALSE
"2362",0.4,"videoplayback_002_2.webm",71,326,246,18,30,"signalAhead",0,FALSE
"2363",0.4,"videoplayback_002_2.webm",72,324,246,20,28,"signalAhead",0,FALSE
"2364",0.4,"videoplayback_002_2.webm",73,322,246,22,30,"signalAhead",0,FALSE
"2365",0.4,"videoplayback_002_2.webm",74,321,243,23,35,"signalAhead",0,FALSE
"2366",0.4,"videoplayback_002_2.webm",75,319,245,25,30,"signalAhead",0,FALSE
"2367",0.4,"videoplayback_002_2.webm",76,318,245,25,29,"signalAhead",0,FALSE
"2368",0.4,"videoplayback_002_2.webm",77,316,244,26,30,"signalAhead",0,FALSE
"2369",0.4,"videoplayback_002_2.webm",78,316,241,26,37,"signalAhead",0,FALSE
"2370",0.4,"videoplayback_002_2.webm",79,315,243,26,31,"signalAhead",0,FALSE
"2371",0.4,"videoplayback_002_2.webm",80,313,242,26,30,"pedestrianCrossing",0,FALSE
"2372",0.4,"videoplayback_002_2.webm",81,312,242,27,30,"signalAhead",0,FALSE
"2373",0.4,"videoplayback_002_2.webm",82,311,241,27,32,"signalAhead",0,FALSE
"2374",0.4,"videoplayback_002_2.webm",83,308,239,28,33,"pedestrianCrossing",0,FALSE
"2375",0.4,"videoplayback_002_2.webm",84,307,238,28,34,"pedestrianCrossing",0,FALSE
"2376",0.4,"videoplayback_002_2.webm",85,304,237,28,34,"pedestrianCrossing",0,FALSE
"2377",0.4,"videoplayback_002_2.webm",86,304,236,26,34,"pedestrianCrossing",0,FALSE
"2378",0.4,"videoplayback_002_2.webm",87,302,237,26,31,"pedestrianCrossing",0,FALSE
"2379",0.4,"videoplayback_002_2.webm",88,300,234,26,34,"pedestrianCrossing",0,FALSE
"2380",0.4,"videoplayback_002_2.webm",89,296,235,28,31,"pedestrianCrossing",0,FALSE
"2381",0.4,"videoplayback_002_2.webm",90,292,232,32,36,"pedestrianCrossing",0,FALSE
"2382",0.4,"videoplayback_002_2.webm",91,288,229,30,40,"pedestrianCrossing",0,FALSE
"2383",0.4,"videoplayback_002_2.webm",92,290,228,28,37,"signalAhead",0,FALSE
"2384",0.4,"videoplayback_002_2.webm",93,281,224,34,41,"signalAhead",0,FALSE
"2385",0.4,"videoplayback_002_2.webm",94,278,222,33,41,"signalAhead",0,FALSE
"2386",0.4,"videoplayback_002_2.webm",95,273,220,35,40,"merge",0,FALSE
"2387",0.4,"videoplayback_002_2.webm",96,269,218,34,41,"merge",0,FALSE
"2388",0.4,"videoplayback_002_2.webm",97,266,215,34,44,"signalAhead",0,FALSE
"2389",0.4,"videoplayback_002_2.webm",98,259,213,37,43,"merge",0,FALSE
"2390",0.4,"videoplayback_002_2.webm",99,251,206,41,52,"merge",0,FALSE
"2391",0.4,"videoplayback_002_2.webm",100,247,202,41,54,"signalAhead",0,FALSE
"2392",0.4,"videoplayback_002_2.webm",101,237,199,44,53,"merge",0,FALSE
"2393",0.4,"videoplayback_002_2.webm",102,224,191,50,63,"merge",0,FALSE
"2394",0.4,"videoplayback_002_2.webm",103,214,187,51,62,"merge",0,FALSE
"2395",0.4,"videoplayback_002_2.webm",104,202,180,54,65,"merge",0,FALSE
"2396",0.4,"videoplayback_002_2.webm",105,188,171,55,69,"merge",0,FALSE
"2397",0.4,"videoplayback_002_2.webm",106,172,163,57,71,"merge",0,FALSE
"2398",0.4,"videoplayback_002_2.webm",107,153,156,55,67,"merge",0,FALSE
"2399",0.4,"videoplayback_002_2.webm",108,126,138,64,78,"merge",0,FALSE
"2400",0.4,"videoplayback_002_2.webm",109,90,124,76,85,"merge",0,FALSE
"2401",0.4,"videoplayback_002_2.webm",110,38,91,104,112,"merge",0,FALSE
"2402",0.4,"videoplayback_002_2.webm",111,-10,57,107,126,"signalAhead",0,FALSE
"2403",0.4,"videoplayback_002_2.webm",112,-4,45,45,100,"signalAhead",0,FALSE
"2404",0.4,"videoplayback_002_2.webm",334,211,240,15,17,"speedLimitUrdbl",0,FALSE
"2405",0.4,"videoplayback_002_2.webm",335,201,236,17,19,"speedLimitUrdbl",0,FALSE
"2406",0.4,"videoplayback_002_2.webm",337,182,232,20,22,"speedLimit25",0,FALSE
"2407",0.4,"videoplayback_002_2.webm",338,170,228,22,24,"speedLimitUrdbl",0,FALSE
"2408",0.4,"videoplayback_002_2.webm",339,157,226,22,25,"speedLimitUrdbl",0,FALSE
"2409",0.4,"videoplayback_002_2.webm",340,143,222,26,27,"speedLimit25",0,FALSE
"2410",0.4,"videoplayback_002_2.webm",341,128,219,25,27,"speedLimitUrdbl",0,FALSE
"2411",0.4,"videoplayback_002_2.webm",342,110,218,23,26,"speedLimit25",0,FALSE
"2412",0.4,"videoplayback_002_2.webm",343,89,207,36,38,"speedLimit25",0,FALSE
"2413",0.4,"videoplayback_002_2.webm",344,68,206,32,36,"speedLimit25",0,FALSE
"1",0.4,"videoplayback_001_1.webm",1,97,149,35,36,"speedLimitUrdbl",0.05,FALSE
"2",0.4,"videoplayback_001_1.webm",2,66,143,48,39,"signalAhead",0.05,FALSE
"3",0.4,"videoplayback_001_1.webm",3,48,136,52,47,"stop",0.05,FALSE
"4",0.4,"videoplayback_001_1.webm",4,31,131,41,38,"speedLimitUrdbl",0.05,TRUE
"5",0.4,"videoplayback_001_1.webm",4,23,124,60,52,"stop",0.05,TRUE
"6",0.4,"videoplayback_001_1.webm",5,-1,109,47,68,"speedLimitUrdbl",0.05,FALSE
"7",0.4,"videoplayback_001_1.webm",33,139,115,25,28,"stopAhead",0.05,FALSE
"8",0.4,"videoplayback_001_1.webm",35,125,107,28,32,"stopAhead",0.05,FALSE
"9",0.4,"videoplayback_001_1.webm",36,115,104,29,33,"pedestrianCrossing",0.05,FALSE
"10",0.4,"videoplayback_001_1.webm",37,109,99,31,37,"stopAhead",0.05,FALSE
"11",0.4,"videoplayback_001_1.webm",38,106,99,29,35,"stopAhead",0.05,FALSE
"12",0.4,"videoplayback_001_1.webm",39,96,93,31,38,"stopAhead",0.05,FALSE
"13",0.4,"videoplayback_001_1.webm",42,520,155,21,23,"speedLimit55",0.05,FALSE
"14",0.4,"videoplayback_001_1.webm",43,524,154,25,27,"speedLimit35",0.05,FALSE
"15",0.4,"videoplayback_001_1.webm",44,533,153,27,29,"speedLimit35",0.05,FALSE
"16",0.4,"videoplayback_001_1.webm",45,545,151,20,22,"speedLimit35",0.05,FALSE
"17",0.4,"videoplayback_001_1.webm",46,561,153,20,22,"speedLimit35",0.05,FALSE
"18",0.4,"videoplayback_001_1.webm",49,615,148,19,21,"speedLimit35",0.05,FALSE
"19",0.4,"videoplayback_001_1.webm",50,631,152,22,22,"speedLimit35",0.05,TRUE
"20",0.4,"videoplayback_001_1.webm",50,627,149,32,31,"speedLimitUrdbl",0.05,TRUE
"21",0.4,"videoplayback_001_1.webm",51,642,138,44,38,"schoolSpeedLimit25",0.05,FALSE
"22",0.4,"videoplayback_001_1.webm",118,203,161,19,25,"signalAhead",0.05,FALSE
"23",0.4,"videoplayback_001_1.webm",119,201,160,21,26,"signalAhead",0.05,FALSE
"24",0.4,"videoplayback_001_1.webm",120,197,158,24,28,"signalAhead",0.05,FALSE
"25",0.4,"videoplayback_001_1.webm",121,193,156,26,29,"signalAhead",0.05,FALSE
"26",0.4,"videoplayback_001_1.webm",123,186,155,27,29,"merge",0.05,FALSE
"27",0.4,"videoplayback_001_1.webm",124,183,153,26,30,"merge",0.05,FALSE
"28",0.4,"videoplayback_001_1.webm",125,178,152,28,30,"merge",0.05,FALSE
"29",0.4,"videoplayback_001_1.webm",126,175,151,29,30,"merge",0.05,FALSE
"30",0.4,"videoplayback_001_1.webm",127,172,149,30,32,"signalAhead",0.05,FALSE
"31",0.4,"videoplayback_001_1.webm",128,170,149,30,31,"noLeftTurn",0.05,FALSE
"32",0.4,"videoplayback_001_1.webm",129,168,149,28,30,"noLeftTurn",0.05,FALSE
"33",0.4,"videoplayback_001_1.webm",130,165,148,29,31,"turnRight",0.05,FALSE
"34",0.4,"videoplayback_001_1.webm",131,164,149,28,27,"laneEnds",0.05,FALSE
"35",0.4,"videoplayback_001_1.webm",132,159,148,29,28,"laneEnds",0.05,FALSE
"36",0.4,"videoplayback_001_1.webm",133,154,146,29,30,"laneEnds",0.05,FALSE
"37",0.4,"videoplayback_001_1.webm",134,150,145,30,31,"laneEnds",0.05,FALSE
"38",0.4,"videoplayback_001_1.webm",135,146,145,29,31,"laneEnds",0.05,FALSE
"39",0.4,"videoplayback_001_1.webm",136,139,144,33,33,"pedestrianCrossing",0.05,FALSE
"40",0.4,"videoplayback_001_1.webm",137,133,144,32,32,"pedestrianCrossing",0.05,FALSE
"41",0.4,"videoplayback_001_1.webm",138,127,143,32,32,"pedestrianCrossing",0.05,FALSE
"42",0.4,"videoplayback_001_1.webm",139,118,139,37,38,"pedestrianCrossing",0.05,FALSE
"43",0.4,"videoplayback_001_1.webm",140,112,135,39,41,"pedestrianCrossing",0.05,FALSE
"44",0.4,"videoplayback_001_1.webm",141,105,133,37,41,"pedestrianCrossing",0.05,FALSE
"45",0.4,"videoplayback_001_1.webm",142,98,131,37,42,"pedestrianCrossing",0.05,FALSE
"46",0.4,"videoplayback_001_1.webm",143,88,126,44,49,"pedestrianCrossing",0.05,FALSE
"47",0.4,"videoplayback_001_1.webm",145,64,119,56,52,"pedestrianCrossing",0.05,FALSE
"48",0.4,"videoplayback_001_1.webm",146,53,114,61,57,"laneEnds",0.05,FALSE
"49",0.4,"videoplayback_001_1.webm",147,38,109,63,59,"laneEnds",0.05,FALSE
"50",0.4,"videoplayback_001_1.webm",149,11,104,65,65,"pedestrianCrossing",0.05,FALSE
"51",0.4,"videoplayback_001_1.webm",150,2,97,63,72,"pedestrianCrossing",0.05,FALSE
"52",0.4,"videoplayback_001_1.webm",151,-3,92,50,76,"signalAhead",0.05,FALSE
"53",0.4,"videoplayback_001_1.webm",152,-3,94,35,68,"signalAhead",0.05,FALSE
"54",0.4,"videoplayback_001_2.webm",10,110,105,35,41,"speedLimit35",0.05,FALSE
"55",0.4,"videoplayback_001_2.webm",16,562,157,23,27,"truckSpeedLimit55",0.05,FALSE
"56",0.4,"videoplayback_001_2.webm",17,575,160,22,23,"turnRight",0.05,FALSE
"57",0.4,"videoplayback_001_2.webm",19,609,150,30,33,"pedestrianCrossing",0.05,FALSE
"58",0.4,"videoplayback_001_2.webm",20,631,149,27,32,"pedestrianCrossing",0.05,TRUE
"59",0.4,"videoplayback_001_2.webm",20,626,142,40,46,"signalAhead",0.05,TRUE
"60",0.4,"videoplayback_001_2.webm",21,645,136,50,53,"pedestrianCrossing",0.05,FALSE
"61",0.4,"videoplayback_001_2.webm",22,679,133,26,48,"pedestrianCrossing",0.05,FALSE
"62",0.4,"videoplayback_001_2.webm",27,222,180,17,22,"speedLimitUrdbl",0.05,FALSE
"63",0.4,"videoplayback_001_2.webm",28,220,180,19,20,"speedLimitUrdbl",0.05,FALSE
"64",0.4,"videoplayback_001_2.webm",29,218,179,19,20,"speedLimitUrdbl",0.05,FALSE
"65",0.4,"videoplayback_001_2.webm",30,218,176,16,23,"speedLimit50",0.05,FALSE
"66",0.4,"videoplayback_001_2.webm",31,213,176,16,20,"speedLimitUrdbl",0.05,FALSE
"67",0.4,"videoplayback_001_2.webm",32,209,176,19,20,"speedLimitUrdbl",0.05,FALSE
"68",0.4,"videoplayback_001_2.webm",33,206,175,20,20,"speedLimitUrdbl",0.05,FALSE
"69",0.4,"videoplayback_001_2.webm",34,204,172,22,23,"speedLimit35",0.05,FALSE
"70",0.4,"videoplayback_001_2.webm",35,200,168,26,25,"keepRight",0.05,FALSE
"71",0.4,"videoplayback_001_2.webm",36,195,164,28,28,"laneEnds",0.05,FALSE
"72",0.4,"videoplayback_001_2.webm",37,194,163,30,29,"keepRight",0.05,FALSE
"73",0.4,"videoplayback_001_2.webm",38,191,162,29,29,"keepRight",0.05,FALSE
"74",0.4,"videoplayback_001_2.webm",39,189,162,27,28,"keepRight",0.05,FALSE
"75",0.4,"videoplayback_001_2.webm",40,187,160,24,24,"keepRight",0.05,FALSE
"76",0.4,"videoplayback_001_2.webm",41,180,156,26,26,"keepRight",0.05,FALSE
"77",0.4,"videoplayback_001_2.webm",42,174,157,26,24,"keepRight",0.05,FALSE
"78",0.4,"videoplayback_001_2.webm",43,166,154,33,29,"keepRight",0.05,FALSE
"79",0.4,"videoplayback_001_2.webm",44,158,151,38,32,"keepRight",0.05,FALSE
"80",0.4,"videoplayback_001_2.webm",45,150,147,38,33,"truckSpeedLimit55",0.05,FALSE
"81",0.4,"videoplayback_001_2.webm",46,141,144,45,36,"keepRight",0.05,FALSE
"82",0.4,"videoplayback_001_2.webm",47,133,144,45,35,"keepRight",0.05,FALSE
"83",0.4,"videoplayback_001_2.webm",48,127,144,37,31,"keepRight",0.05,FALSE
"84",0.4,"videoplayback_001_2.webm",49,115,133,47,41,"keepRight",0.05,FALSE
"85",0.4,"videoplayback_001_2.webm",50,98,125,56,50,"laneEnds",0.05,FALSE
"86",0.4,"videoplayback_001_2.webm",51,82,116,62,56,"truckSpeedLimit55",0.05,FALSE
"87",0.4,"videoplayback_001_2.webm",52,65,109,75,64,"pedestrianCrossing",0.05,FALSE
"88",0.4,"videoplayback_001_2.webm",53,45,98,73,69,"pedestrianCrossing",0.05,FALSE
"89",0.4,"videoplayback_001_2.webm",54,17,87,86,78,"pedestrianCrossing",0.05,FALSE
"90",0.4,"videoplayback_001_2.webm",55,1,76,80,85,"pedestrianCrossing",0.05,FALSE
"91",0.4,"videoplayback_001_2.webm",56,-3,68,55,83,"pedestrianCrossing",0.05,FALSE
"92",0.4,"videoplayback_001_2.webm",57,-3,65,35,77,"signalAhead",0.05,FALSE
"93",0.4,"videoplayback_002_1.webm",1,178,197,34,32,"turnRight",0.05,FALSE
"94",0.4,"videoplayback_002_1.webm",3,165,185,39,38,"turnRight",0.05,FALSE
"95",0.4,"videoplayback_002_1.webm",4,160,181,40,39,"turnRight",0.05,FALSE
"96",0.4,"videoplayback_002_1.webm",5,150,176,40,38,"turnRight",0.05,FALSE
"97",0.4,"videoplayback_002_1.webm",6,143,170,41,40,"turnRight",0.05,FALSE
"98",0.4,"videoplayback_002_1.webm",7,133,163,44,43,"turnRight",0.05,FALSE
"99",0.4,"videoplayback_002_1.webm",8,118,153,51,49,"turnRight",0.05,FALSE
"100",0.4,"videoplayback_002_1.webm",9,105,144,52,50,"turnRight",0.05,FALSE
"101",0.4,"videoplayback_002_1.webm",10,86,131,60,57,"turnRight",0.05,FALSE
"102",0.4,"videoplayback_002_1.webm",11,52,112,86,77,"turnRight",0.05,FALSE
"103",0.4,"videoplayback_002_1.webm",12,14,85,94,89,"turnRight",0.05,FALSE
"104",0.4,"videoplayback_002_1.webm",29,246,241,21,21,"speedLimit25",0.05,FALSE
"105",0.4,"videoplayback_002_1.webm",30,244,240,23,20,"speedLimit25",0.05,FALSE
"106",0.4,"videoplayback_002_1.webm",31,243,240,23,19,"speedLimit25",0.05,FALSE
"107",0.4,"videoplayback_002_1.webm",32,242,239,23,20,"pedestrianCrossing",0.05,FALSE
"108",0.4,"videoplayback_002_1.webm",33,241,239,24,20,"speedLimit25",0.05,FALSE
"109",0.4,"videoplayback_002_1.webm",34,239,238,25,21,"speedLimit25",0.05,FALSE
"110",0.4,"videoplayback_002_1.webm",35,238,237,25,21,"pedestrianCrossing",0.05,FALSE
"111",0.4,"videoplayback_002_1.webm",36,236,235,27,23,"pedestrianCrossing",0.05,FALSE
"112",0.4,"videoplayback_002_1.webm",37,235,234,27,23,"pedestrianCrossing",0.05,FALSE
"113",0.4,"videoplayback_002_1.webm",38,234,233,29,24,"pedestrianCrossing",0.05,FALSE
"114",0.4,"videoplayback_002_1.webm",39,236,234,23,20,"pedestrianCrossing",0.05,FALSE
"115",0.4,"videoplayback_002_1.webm",40,236,234,23,20,"pedestrianCrossing",0.05,FALSE
"116",0.4,"videoplayback_002_1.webm",41,235,233,23,20,"pedestrianCrossing",0.05,FALSE
"117",0.4,"videoplayback_002_1.webm",42,232,230,28,23,"pedestrianCrossing",0.05,FALSE
"118",0.4,"videoplayback_002_1.webm",43,234,231,23,21,"rightLaneMustTurn",0.05,FALSE
"119",0.4,"videoplayback_002_1.webm",44,232,232,23,20,"schoolSpeedLimit25",0.05,FALSE
"120",0.4,"videoplayback_002_1.webm",45,230,230,23,21,"schoolSpeedLimit25",0.05,FALSE
"121",0.4,"videoplayback_002_1.webm",46,227,229,23,21,"schoolSpeedLimit25",0.05,FALSE
"122",0.4,"videoplayback_002_1.webm",47,223,228,26,21,"schoolSpeedLimit25",0.05,FALSE
"123",0.4,"videoplayback_002_1.webm",48,220,227,27,24,"schoolSpeedLimit25",0.05,FALSE
"124",0.4,"videoplayback_002_1.webm",49,219,225,26,24,"schoolSpeedLimit25",0.05,FALSE
"125",0.4,"videoplayback_002_1.webm",50,216,223,25,23,"pedestrianCrossing",0.05,FALSE
"126",0.4,"videoplayback_002_1.webm",51,213,223,26,25,"schoolSpeedLimit25",0.05,FALSE
"127",0.4,"videoplayback_002_1.webm",52,208,219,30,27,"pedestrianCrossing",0.05,FALSE
"128",0.4,"videoplayback_002_1.webm",53,205,215,32,31,"pedestrianCrossing",0.05,FALSE
"129",0.4,"videoplayback_002_1.webm",54,203,212,32,31,"pedestrianCrossing",0.05,FALSE
"130",0.4,"videoplayback_002_1.webm",55,199,208,32,31,"pedestrianCrossing",0.05,FALSE
"131",0.4,"videoplayback_002_1.webm",56,196,205,34,32,"signalAhead",0.05,FALSE
"132",0.4,"videoplayback_002_1.webm",57,192,203,35,34,"pedestrianCrossing",0.05,FALSE
"133",0.4,"videoplayback_002_1.webm",59,175,197,37,38,"pedestrianCrossing",0.05,FALSE
"134",0.4,"videoplayback_002_1.webm",60,172,193,36,39,"pedestrianCrossing",0.05,FALSE
"135",0.4,"videoplayback_002_1.webm",61,166,184,40,43,"turnRight",0.05,FALSE
"136",0.4,"videoplayback_002_1.webm",62,161,180,40,42,"turnRight",0.05,FALSE
"137",0.4,"videoplayback_002_1.webm",63,154,179,37,41,"turnRight",0.05,FALSE
"138",0.4,"videoplayback_002_1.webm",64,147,174,38,45,"stopAhead",0.05,FALSE
"139",0.4,"videoplayback_002_1.webm",65,137,169,39,44,"turnRight",0.05,FALSE
"140",0.4,"videoplayback_002_1.webm",66,121,164,45,49,"pedestrianCrossing",0.05,FALSE
"141",0.4,"videoplayback_002_1.webm",67,109,158,47,52,"pedestrianCrossing",0.05,FALSE
"142",0.4,"videoplayback_002_1.webm",68,95,149,47,52,"turnRight",0.05,FALSE
"143",0.4,"videoplayback_002_1.webm",69,69,130,72,77,"pedestrianCrossing",0.05,FALSE
"144",0.4,"videoplayback_002_1.webm",70,48,120,82,85,"pedestrianCrossing",0.05,FALSE
"145",0.4,"videoplayback_002_1.webm",72,3,67,95,108,"merge",0.05,FALSE
"146",0.4,"videoplayback_002_1.webm",73,242,230,23,24,"turnRight",0.05,FALSE
"147",0.4,"videoplayback_002_1.webm",74,239,227,25,25,"turnRight",0.05,FALSE
"148",0.4,"videoplayback_002_1.webm",75,236,225,26,27,"turnRight",0.05,FALSE
"149",0.4,"videoplayback_002_1.webm",76,231,223,33,28,"turnRight",0.05,FALSE
"150",0.4,"videoplayback_002_1.webm",77,233,221,24,26,"speedLimit35",0.05,FALSE
"151",0.4,"videoplayback_002_1.webm",78,230,219,25,27,"school",0.05,FALSE
"152",0.4,"videoplayback_002_1.webm",79,228,217,24,27,"school",0.05,FALSE
"153",0.4,"videoplayback_002_1.webm",80,222,213,29,32,"turnRight",0.05,FALSE
"154",0.4,"videoplayback_002_1.webm",81,219,211,29,33,"turnRight",0.05,FALSE
"155",0.4,"videoplayback_002_1.webm",82,215,207,31,34,"pedestrianCrossing",0.05,FALSE
"156",0.4,"videoplayback_002_1.webm",83,206,203,34,37,"turnRight",0.05,FALSE
"157",0.4,"videoplayback_002_1.webm",84,199,198,43,43,"merge",0.05,FALSE
"158",0.4,"videoplayback_002_1.webm",85,198,196,36,38,"pedestrianCrossing",0.05,FALSE
"159",0.4,"videoplayback_002_1.webm",86,191,191,40,42,"pedestrianCrossing",0.05,FALSE
"160",0.4,"videoplayback_002_1.webm",88,171,178,44,46,"turnRight",0.05,FALSE
"161",0.4,"videoplayback_002_2.webm",35,222,190,28,30,"speedLimit35",0.05,FALSE
"162",0.4,"videoplayback_002_2.webm",36,209,183,28,33,"speedLimit35",0.05,FALSE
"163",0.4,"videoplayback_002_2.webm",37,197,174,37,40,"speedLimit65",0.05,FALSE
"164",0.4,"videoplayback_002_2.webm",38,182,166,43,45,"noLeftTurn",0.05,FALSE
"165",0.4,"videoplayback_002_2.webm",39,168,158,38,42,"noRightTurn",0.05,FALSE
"166",0.4,"videoplayback_002_2.webm",40,153,149,37,45,"noRightTurn",0.05,FALSE
"167",0.4,"videoplayback_002_2.webm",41,134,135,43,49,"noRightTurn",0.05,FALSE
"168",0.4,"videoplayback_002_2.webm",42,108,118,51,59,"noRightTurn",0.05,FALSE
"169",0.4,"videoplayback_002_2.webm",44,30,73,72,74,"noRightTurn",0.05,FALSE
"170",0.4,"videoplayback_002_2.webm",45,2,43,42,75,"keepRight",0.05,FALSE
"171",0.4,"videoplayback_002_2.webm",93,287,232,23,25,"speedLimit35",0.05,FALSE
"172",0.4,"videoplayback_002_2.webm",94,282,228,26,29,"speedLimit35",0.05,FALSE
"173",0.4,"videoplayback_002_2.webm",95,278,227,26,27,"speedLimit35",0.05,FALSE
"174",0.4,"videoplayback_002_2.webm",96,272,224,29,29,"speedLimit35",0.05,FALSE
"175",0.4,"videoplayback_002_2.webm",97,267,221,30,32,"speedLimit35",0.05,FALSE
"176",0.4,"videoplayback_002_2.webm",98,262,219,30,29,"speedLimit35",0.05,FALSE
"177",0.4,"videoplayback_002_2.webm",99,253,213,37,35,"speedLimit35",0.05,FALSE
"178",0.4,"videoplayback_002_2.webm",100,246,210,38,36,"speedLimit35",0.05,FALSE
"179",0.4,"videoplayback_002_2.webm",101,236,204,43,42,"speedLimit35",0.05,FALSE
"180",0.4,"videoplayback_002_2.webm",102,224,197,49,48,"speedLimit35",0.05,FALSE
"181",0.4,"videoplayback_002_2.webm",103,214,192,52,51,"speedLimit35",0.05,FALSE
"182",0.4,"videoplayback_002_2.webm",104,202,184,53,53,"speedLimit35",0.05,FALSE
"183",0.4,"videoplayback_002_2.webm",105,187,176,57,57,"speedLimit35",0.05,FALSE
"184",0.4,"videoplayback_002_2.webm",106,171,168,58,58,"speedLimit35",0.05,FALSE
"185",0.4,"videoplayback_002_2.webm",107,152,159,58,58,"speedLimit35",0.05,FALSE
"186",0.4,"videoplayback_002_2.webm",108,125,141,67,68,"speedLimitUrdbl",0.05,FALSE
"187",0.4,"videoplayback_002_2.webm",109,83,122,87,81,"keepRight",0.05,FALSE
"188",0.4,"videoplayback_002_2.webm",110,39,97,102,95,"pedestrianCrossing",0.05,FALSE
"189",0.4,"videoplayback_002_2.webm",111,-7,66,99,103,"signalAhead",0.05,FALSE
"190",0.4,"videoplayback_002_2.webm",112,-3,55,41,76,"signalAhead",0.05,FALSE
"191",0.4,"videoplayback_001_1.webm",1,105,157,18,18,"speedLimit35",0.1,FALSE
"192",0.4,"videoplayback_001_1.webm",2,77,149,30,24,"speedLimitUrdbl",0.1,FALSE
"193",0.4,"videoplayback_001_1.webm",3,56,142,33,27,"speedLimitUrdbl",0.1,FALSE
"194",0.4,"videoplayback_001_1.webm",4,41,134,29,27,"speedLimitUrdbl",0.1,TRUE
"195",0.4,"videoplayback_001_1.webm",4,32,125,48,44,"speedLimitUrdbl",0.1,TRUE
"196",0.4,"videoplayback_001_1.webm",49,618,152,19,19,"speedLimit35",0.1,FALSE
"197",0.4,"videoplayback_001_1.webm",136,146,152,19,18,"speedLimit50",0.1,FALSE
"198",0.4,"videoplayback_001_1.webm",137,140,151,18,18,"speedLimit50",0.1,FALSE
"199",0.4,"videoplayback_001_1.webm",138,129,146,30,28,"speedLimit50",0.1,TRUE
"200",0.4,"videoplayback_001_1.webm",138,134,149,21,20,"stop",0.1,TRUE
"201",0.4,"videoplayback_001_1.webm",139,126,145,24,24,"keepRight",0.1,FALSE
"202",0.4,"videoplayback_001_1.webm",140,116,140,32,31,"keepRight",0.1,FALSE
"203",0.4,"videoplayback_001_1.webm",141,110,139,30,30,"keepRight",0.1,FALSE
"204",0.4,"videoplayback_001_1.webm",142,102,136,33,32,"keepRight",0.1,FALSE
"205",0.4,"videoplayback_001_1.webm",143,91,132,40,38,"stopAhead",0.1,FALSE
"206",0.4,"videoplayback_001_1.webm",145,65,121,55,48,"laneEnds",0.1,FALSE
"207",0.4,"videoplayback_001_1.webm",146,54,117,60,52,"laneEnds",0.1,FALSE
"208",0.4,"videoplayback_001_1.webm",148,27,113,64,50,"laneEnds",0.1,FALSE
"209",0.4,"videoplayback_001_1.webm",149,10,107,66,54,"laneEnds",0.1,FALSE
"210",0.4,"videoplayback_001_1.webm",150,3,103,62,56,"laneEnds",0.1,FALSE
"211",0.4,"videoplayback_001_1.webm",151,-3,99,48,57,"pedestrianCrossing",0.1,FALSE
"212",0.4,"videoplayback_001_1.webm",152,-4,99,34,52,"signalAhead",0.1,FALSE
"213",0.4,"videoplayback_001_2.webm",19,616,155,19,19,"truckSpeedLimit55",0.1,FALSE
"214",0.4,"videoplayback_001_2.webm",53,60,111,35,33,"speedLimitUrdbl",0.1,FALSE
"215",0.4,"videoplayback_001_2.webm",54,20,92,74,63,"truckSpeedLimit55",0.1,FALSE
"216",0.4,"videoplayback_001_2.webm",55,6,84,69,65,"truckSpeedLimit55",0.1,FALSE
"217",0.4,"videoplayback_001_2.webm",56,0,72,44,64,"speedLimitUrdbl",0.1,FALSE
"218",0.4,"videoplayback_001_2.webm",57,-3,70,33,63,"stopAhead",0.1,FALSE
"219",0.4,"videoplayback_002_1.webm",1,181,200,27,22,"speedLimit50",0.1,FALSE
"220",0.4,"videoplayback_002_1.webm",3,171,193,25,21,"speedLimitUrdbl",0.1,FALSE
"221",0.4,"videoplayback_002_1.webm",4,165,188,28,23,"speedLimitUrdbl",0.1,FALSE
"222",0.4,"videoplayback_002_1.webm",5,155,182,32,27,"speedLimitUrdbl",0.1,FALSE
"223",0.4,"videoplayback_002_1.webm",6,149,177,32,27,"speedLimit50",0.1,FALSE
"224",0.4,"videoplayback_002_1.webm",7,137,168,39,33,"speedLimit50",0.1,FALSE
"225",0.4,"videoplayback_002_1.webm",8,122,159,46,39,"speedLimit50",0.1,FALSE
"226",0.4,"videoplayback_002_1.webm",9,109,150,48,42,"rampSpeedAdvisoryUrdbl",0.1,FALSE
"227",0.4,"videoplayback_002_1.webm",10,87,136,60,50,"stopAhead",0.1,FALSE
"228",0.4,"videoplayback_002_1.webm",11,55,115,87,67,"turnRight",0.1,FALSE
"229",0.4,"videoplayback_002_1.webm",12,24,98,77,63,"turnRight",0.1,FALSE
"230",0.4,"videoplayback_002_1.webm",51,217,228,19,16,"speedLimit50",0.1,FALSE
"231",0.4,"videoplayback_002_1.webm",52,214,225,20,17,"speedLimit50",0.1,FALSE
"232",0.4,"videoplayback_002_1.webm",53,211,223,20,17,"speedLimit50",0.1,FALSE
"233",0.4,"videoplayback_002_1.webm",54,209,220,20,17,"speedLimit50",0.1,FALSE
"234",0.4,"videoplayback_002_1.webm",55,207,218,19,16,"speedLimit50",0.1,FALSE
"235",0.4,"videoplayback_002_1.webm",56,203,217,19,17,"speedLimit50",0.1,FALSE
"236",0.4,"videoplayback_002_1.webm",57,197,215,20,18,"speedLimit50",0.1,FALSE
"237",0.4,"videoplayback_002_1.webm",59,182,204,28,24,"speedLimit50",0.1,FALSE
"238",0.4,"videoplayback_002_1.webm",60,178,200,27,24,"speedLimitUrdbl",0.1,FALSE
"239",0.4,"videoplayback_002_1.webm",62,168,190,25,22,"speedLimit50",0.1,FALSE
"240",0.4,"videoplayback_002_1.webm",63,160,188,24,22,"speedLimit50",0.1,FALSE
"241",0.4,"videoplayback_002_1.webm",64,156,184,24,23,"speedLimit50",0.1,FALSE
"242",0.4,"videoplayback_002_1.webm",65,142,174,33,30,"stopAhead",0.1,FALSE
"243",0.4,"videoplayback_002_1.webm",66,128,171,36,33,"speedLimit50",0.1,FALSE
"244",0.4,"videoplayback_002_1.webm",67,118,164,35,33,"speedLimit50",0.1,FALSE
"245",0.4,"videoplayback_002_1.webm",68,101,157,38,35,"speedLimit50",0.1,FALSE
"246",0.4,"videoplayback_002_1.webm",69,74,138,63,56,"signalAhead",0.1,FALSE
"247",0.4,"videoplayback_002_1.webm",70,53,124,75,66,"turnRight",0.1,FALSE
"248",0.4,"videoplayback_002_1.webm",72,8,81,85,81,"turnRight",0.1,FALSE
"249",0.4,"videoplayback_002_1.webm",81,225,219,18,17,"speedLimitUrdbl",0.1,FALSE
"250",0.4,"videoplayback_002_1.webm",82,220,215,21,19,"speedLimitUrdbl",0.1,FALSE
"251",0.4,"videoplayback_002_1.webm",83,213,211,25,22,"speedLimitUrdbl",0.1,FALSE
"252",0.4,"videoplayback_002_1.webm",84,209,208,25,23,"speedLimitUrdbl",0.1,FALSE
"253",0.4,"videoplayback_002_1.webm",85,206,205,23,22,"speedLimit50",0.1,FALSE
"254",0.4,"videoplayback_002_1.webm",86,195,198,32,29,"speedLimitUrdbl",0.1,FALSE
"255",0.4,"videoplayback_002_1.webm",88,174,185,39,34,"speedLimitUrdbl",0.1,FALSE
"256",0.4,"videoplayback_002_2.webm",41,144,149,21,21,"speedLimit35",0.1,FALSE
"257",0.4,"videoplayback_002_2.webm",42,115,130,29,31,"speedLimit35",0.1,FALSE
"258",0.4,"videoplayback_002_2.webm",44,35,79,64,56,"speedLimitUrdbl",0.1,FALSE
"259",0.4,"videoplayback_002_2.webm",45,2,50,38,56,"speedLimit50",0.1,FALSE
"260",0.4,"videoplayback_002_2.webm",107,169,178,17,17,"speedLimitUrdbl",0.1,FALSE
"261",0.4,"videoplayback_002_2.webm",108,144,162,22,22,"speedLimitUrdbl",0.1,FALSE
"262",0.4,"videoplayback_002_2.webm",109,110,146,31,29,"speedLimitUrdbl",0.1,FALSE
"263",0.4,"videoplayback_002_2.webm",110,56,115,61,54,"speedLimitUrdbl",0.1,FALSE
"264",0.4,"videoplayback_002_2.webm",111,3,75,69,63,"speedLimitUrdbl",0.1,FALSE
"265",0.4,"videoplayback_002_2.webm",112,-2,65,35,53,"stopAhead",0.1,FALSE
"266",0.4,"videoplayback_001_1.webm",149,12,109,60,49,"noLeftTurn",0.15,FALSE
"267",0.4,"videoplayback_001_1.webm",150,3,103,57,53,"laneEnds",0.15,FALSE
"268",0.4,"videoplayback_001_1.webm",151,-1,101,39,49,"speedLimit50",0.15,FALSE
"269",0.4,"videoplayback_001_1.webm",152,-3,101,30,45,"signalAhead",0.15,FALSE
"270",0.4,"videoplayback_002_1.webm",9,119,160,22,19,"speedLimit50",0.15,FALSE
"271",0.4,"videoplayback_002_1.webm",10,98,146,34,28,"speedLimit50",0.15,FALSE
"272",0.4,"videoplayback_002_1.webm",11,73,128,42,38,"speedLimit50",0.15,FALSE
"273",0.4,"videoplayback_002_1.webm",12,31,105,59,48,"speedLimit35",0.15,FALSE
"274",0.4,"videoplayback_002_1.webm",70,69,137,38,35,"speedLimit50",0.15,TRUE
"275",0.4,"videoplayback_002_1.webm",70,63,129,56,48,"speedLimit50",0.15,TRUE
"276",0.4,"videoplayback_002_1.webm",72,12,89,75,65,"stopAhead",0.15,FALSE
"277",0.4,"videoplayback_002_1.webm",73,2,69,48,56,"schoolSpeedLimit25",0.15,FALSE
"278",0.4,"videoplayback_002_1.webm",72,27,100,40,34,"rightLaneMustTurn",0.2,TRUE
"279",0.4,"videoplayback_002_1.webm",72,18,95,56,50,"speedLimit35",0.2,TRUE
